<?xml version="1.0" ?>
<html>
  <statistcs>
    <srno>2</srno>
    <stat_tik>SHLDQ</stat_tik>
    <marketcap>82.47M</marketcap>
    <Enterprisevalue>5.38B</Enterprisevalue>
    <TotCash>Total Cash (mrq)</TotCash>
    <grossPro>112.14M</grossPro>
    <ooCash>Operating Cash Flow (ttm)</ooCash>
    <totdebt>N/A</totdebt>
    <currat>Current Ratio (mrq)</currat>
    <lever>-3.58M</lever>
  </statistcs>
  <financials>
    <fintick>SHLDQ</fintick>
    <TotRev>Give feedback on the new search experience</TotRev>
    <costRev>31,198,000</costRev>
    <incBefTax>-1,434,000</incBefTax>
    <Netinc>-2,395,000</Netinc>
  </financials>
  <profiles>
    <protick>SHLDQ</protick>
    <name>Sears Holdings Corporation</name>
    <address>3333 Beverly RoadHoffman Estates, IL 60179United States847-286-2500http://www.searsholdings.com</address>
    <phno>http://www.searsholdings.com</phno>
    <website/>
    <sector/>
    <industry>http://www.searsholdings.com</industry>
    <fulltime>89,000</fulltime>
  </profiles>
</html>
