<?xml version="1.0" ?>
<html>
  <statistcs>
    <srno>26</srno>
    <stat_tik>SPY</stat_tik>
    <marketcap>270.94</marketcap>
    <Enterprisevalue>Ask</Enterprisevalue>
    <TotCash>23.04B</TotCash>
    <grossPro>EBITDA </grossPro>
    <ooCash>Levered Free Cash Flow (ttm)</ooCash>
    <totdebt>Total Debt/Equity (mrq)</totdebt>
    <currat>Book Value Per Share (mrq)</currat>
    <lever>N/A</lever>
  </statistcs>
  <financials>
    <fintick>SPY</fintick>
    <TotRev>Give feedback on the new search experience</TotRev>
    <costRev>79,804,000</costRev>
    <incBefTax/>
    <Netinc>Investopedia</Netinc>
  </financials>
  <profiles>
    <protick/>
    <name>SPY</name>
    <address>yesterday</address>
    <phno/>
    <website/>
    <sector/>
    <industry/>
    <fulltime>Day\'s Range</fulltime>
  </profiles>
</html>
