<?xml version="1.0" ?>
<html>
  <statistcs>
    <srno>22</srno>
    <stat_tik>CSCO</stat_tik>
    <marketcap>209.96B</marketcap>
    <Enterprisevalue>195.53B</Enterprisevalue>
    <TotCash>23.04B</TotCash>
    <grossPro>EBITDA </grossPro>
    <ooCash>Levered Free Cash Flow (ttm)</ooCash>
    <totdebt>Total Debt/Equity (mrq)</totdebt>
    <currat>Book Value Per Share (mrq)</currat>
    <lever>Levered Free Cash Flow (ttm)</lever>
  </statistcs>
  <financials>
    <fintick>CSCO</fintick>
    <TotRev>Give feedback on the new search experience</TotRev>
    <costRev>49,161,000</costRev>
    <incBefTax>-92,000</incBefTax>
    <Netinc>Income Before Tax</Netinc>
  </financials>
  <profiles>
    <protick>CSCO</protick>
    <name>Cisco Systems, Inc.</name>
    <address>170 West Tasman DriveSan Jose, CA 95134United States408-526-4000http://www.cisco.com</address>
    <phno>http://www.cisco.com</phno>
    <website/>
    <sector/>
    <industry>http://www.cisco.com</industry>
    <fulltime>74,200</fulltime>
  </profiles>
</html>
