<?xml version="1.0" ?>
<html>
  <statistcs>
    <srno>28</srno>
    <stat_tik>SHMP</stat_tik>
    <marketcap>107.41M</marketcap>
    <Enterprisevalue>42.51M</Enterprisevalue>
    <TotCash>1.06B</TotCash>
    <grossPro>N/A</grossPro>
    <ooCash>Levered Free Cash Flow (ttm)</ooCash>
    <totdebt>Total Debt/Equity (mrq)</totdebt>
    <currat>Book Value Per Share (mrq)</currat>
    <lever>-731.75k</lever>
  </statistcs>
  <financials>
    <fintick>SHMP</fintick>
    <TotRev>Give feedback on the new search experience</TotRev>
    <costRev>Cost of Revenue</costRev>
    <incBefTax>-1,630.825</incBefTax>
    <Netinc>-1,630.825</Netinc>
  </financials>
  <profiles>
    <protick>SHMP</protick>
    <name>NaturalShrimp Incorporated</name>
    <address>5080 Spectrum DriveSuite 1000Addison, TX 75001United States888-791-9474http://www.naturalshrimp.com</address>
    <phno>888-791-9474</phno>
    <website/>
    <sector/>
    <industry/>
    <fulltime>888-791-9474</fulltime>
  </profiles>
</html>
