<?xml version="1.0" ?>
<html>
  <statistcs>
    <srno>17</srno>
    <stat_tik>0700.HK</stat_tik>
    <marketcap>3.27T</marketcap>
    <Enterprisevalue>3.29T</Enterprisevalue>
    <TotCash>355.67B</TotCash>
    <grossPro>23.60%</grossPro>
    <ooCash>5.06</ooCash>
    <totdebt>Total Debt/Equity (mrq)</totdebt>
    <currat>Total Debt/Equity (mrq)</currat>
    <lever>N/A</lever>
  </statistcs>
  <financials>
    <fintick>0700.HK</fintick>
    <TotRev>12/31/2014</TotRev>
    <costRev>102,863,000</costRev>
    <incBefTax>2,892,000</incBefTax>
    <Netinc>23,888,000</Netinc>
  </financials>
  <profiles>
    <protick>0700.HK</protick>
    <name>Tencent Holdings Limited</name>
    <address>Tencent BuildingKejizhongyi Avenue Hi-tech Park Nanshan DistrictShenzhen 518057China86 755 8601 3388http://www.tencent.com</address>
    <phno>86 755 8601 3388</phno>
    <website/>
    <sector/>
    <industry/>
    <fulltime>86 755 8601 3388</fulltime>
  </profiles>
</html>
