<?xml version="1.0" ?>
<html>
  <statistcs>
    <srno>4</srno>
    <stat_tik>EXPE</stat_tik>
    <marketcap>19.05B</marketcap>
    <Enterprisevalue>20.96B</Enterprisevalue>
    <TotCash>Total Cash (mrq)</TotCash>
    <grossPro>EBITDA </grossPro>
    <ooCash>Levered Free Cash Flow (ttm)</ooCash>
    <totdebt>N/A</totdebt>
    <currat>Book Value Per Share (mrq)</currat>
    <lever>-3.58M</lever>
  </statistcs>
  <financials>
    <fintick>EXPE</fintick>
    <TotRev>Give feedback on the new search experience</TotRev>
    <costRev>5,763,485</costRev>
    <incBefTax>-130,134</incBefTax>
    <Netinc>Income Before Tax</Netinc>
  </financials>
  <profiles>
    <protick>EXPE</protick>
    <name>Expedia Group, Inc.</name>
    <address>333 108th Avenue NEBellevue, WA 98004United States425-679-7200http://www.expediagroup.com</address>
    <phno>http://www.expediagroup.com</phno>
    <website/>
    <sector/>
    <industry>http://www.expediagroup.com</industry>
    <fulltime>22,615</fulltime>
  </profiles>
</html>
