<?xml version="1.0" ?>
<html>
  <statistcs>
    <srno>20</srno>
    <stat_tik>IAC</stat_tik>
    <marketcap>18.03B</marketcap>
    <Enterprisevalue>18.19B</Enterprisevalue>
    <TotCash>Total Cash (mrq)</TotCash>
    <grossPro>EBITDA </grossPro>
    <ooCash>Levered Free Cash Flow (ttm)</ooCash>
    <totdebt>Total Debt (mrq)</totdebt>
    <currat>Book Value Per Share (mrq)</currat>
    <lever>Levered Free Cash Flow (ttm)</lever>
  </statistcs>
  <financials>
    <fintick>IAC</fintick>
    <TotRev>Give feedback on the new search experience</TotRev>
    <costRev>3,109,547</costRev>
    <incBefTax>-95,431</incBefTax>
    <Netinc>Income Before Tax</Netinc>
  </financials>
  <profiles>
    <protick>IAC</protick>
    <name>IAC/InterActiveCorp</name>
    <address>555 West 18th StreetNew York, NY 10011United States212-314-7300http://www.iac.com</address>
    <phno>http://www.iac.com</phno>
    <website/>
    <sector/>
    <industry>http://www.iac.com</industry>
    <fulltime>7,000</fulltime>
  </profiles>
</html>
