<?xml version="1.0" ?>
<html>
  <statistcs>
    <srno>6</srno>
    <stat_tik>AMZN</stat_tik>
    <marketcap>792.98B</marketcap>
    <Enterprisevalue>813.74B</Enterprisevalue>
    <TotCash>41.25B</TotCash>
    <grossPro>EBITDA </grossPro>
    <ooCash>-19M</ooCash>
    <totdebt>Total Debt/Equity (mrq)</totdebt>
    <currat>1.70</currat>
    <lever>-3.58M</lever>
  </statistcs>
  <financials>
    <fintick>AMZN</fintick>
    <TotRev>Give feedback on the new search experience</TotRev>
    <costRev>6,023,819</costRev>
    <incBefTax>1,546,000</incBefTax>
    <Netinc>Discontinued Operations</Netinc>
  </financials>
  <profiles>
    <protick>AMZN</protick>
    <name>Amazon.com, Inc.</name>
    <address>410 Terry Avenue NorthSeattle, WA 98109United States206-266-1000http://www.amazon.com</address>
    <phno>http://www.amazon.com</phno>
    <website/>
    <sector/>
    <industry>http://www.amazon.com</industry>
    <fulltime>647,500</fulltime>
  </profiles>
</html>
