<?xml version="1.0" ?>
<html>
  <statistcs>
    <srno>21</srno>
    <stat_tik>F</stat_tik>
    <marketcap>33.06B</marketcap>
    <Enterprisevalue>166.81B</Enterprisevalue>
    <TotCash>23.04B</TotCash>
    <grossPro>EBITDA </grossPro>
    <ooCash>Levered Free Cash Flow (ttm)</ooCash>
    <totdebt>Total Debt/Equity (mrq)</totdebt>
    <currat>Book Value Per Share (mrq)</currat>
    <lever>Levered Free Cash Flow (ttm)</lever>
  </statistcs>
  <financials>
    <fintick>F</fintick>
    <TotRev>Give feedback on the new search experience</TotRev>
    <costRev>149,558,000</costRev>
    <incBefTax>3,275,000</incBefTax>
    <Netinc>8,148,000</Netinc>
  </financials>
  <profiles>
    <protick>F</protick>
    <name>Ford Motor Company</name>
    <address>One American RoadDearborn, MI 48126United States313-322-3000http://www.ford.com</address>
    <phno>http://www.ford.com</phno>
    <website/>
    <sector/>
    <industry>http://www.ford.com</industry>
    <fulltime>199,000</fulltime>
  </profiles>
</html>
