<?xml version="1.0" ?>
<html>
  <statistcs>
    <srno>13</srno>
    <stat_tik>SGMO</stat_tik>
    <marketcap>848.39M</marketcap>
    <Enterprisevalue>389.82M</Enterprisevalue>
    <TotCash>355.67B</TotCash>
    <grossPro>1.26T</grossPro>
    <ooCash>Levered Free Cash Flow (ttm)</ooCash>
    <totdebt>929.23B</totdebt>
    <currat>Book Value Per Share (mrq)</currat>
    <lever>N/A</lever>
  </statistcs>
  <financials>
    <fintick>SGMO</fintick>
    <TotRev>Give feedback on the new search experience</TotRev>
    <costRev>45,870</costRev>
    <incBefTax>-56,361</incBefTax>
    <Netinc>-26,417</Netinc>
  </financials>
  <profiles>
    <protick>SGMO</protick>
    <name>Sangamo Therapeutics, Inc.</name>
    <address>501 Canal BoulevardRichmond, CA 94804United States510-970-6000http://www.sangamo.com</address>
    <phno>http://www.sangamo.com</phno>
    <website/>
    <sector/>
    <industry>http://www.sangamo.com</industry>
    <fulltime>234</fulltime>
  </profiles>
</html>
