<?xml version="1.0" ?>
<html>
  <statistcs>
    <srno>19</srno>
    <stat_tik>EOLS</stat_tik>
    <marketcap>788.52M</marketcap>
    <Enterprisevalue>551.07M</Enterprisevalue>
    <TotCash>Total Cash (mrq)</TotCash>
    <grossPro>23.60%</grossPro>
    <ooCash>
      <Operating Cash Flow (ttm)/>
    </ooCash>
    <totdebt>Total Debt (mrq)</totdebt>
    <currat>N/A</currat>
    <lever>Levered Free Cash Flow (ttm)</lever>
  </statistcs>
  <financials>
    <fintick>EOLS</fintick>
    <TotRev>-</TotRev>
    <costRev>102,863,000</costRev>
    <incBefTax>93</incBefTax>
    <Netinc>Discontinued Operations</Netinc>
  </financials>
  <profiles>
    <protick>EOLS</protick>
    <name>Evolus, Inc.</name>
    <address>17901 Von Karman AvenueSuite 150Irvine, CA 92614United States949-284-4555http://www.evolus.com</address>
    <phno>949-284-4555</phno>
    <website/>
    <sector/>
    <industry/>
    <fulltime>949-284-4555</fulltime>
  </profiles>
</html>
