<?xml version="1.0" ?>
<html>
  <statistcs>
    <srno>9</srno>
    <stat_tik>HBI</stat_tik>
    <marketcap>6.75B</marketcap>
    <Enterprisevalue>9.6B</Enterprisevalue>
    <TotCash>41.25B</TotCash>
    <grossPro>EBITDA </grossPro>
    <ooCash>Levered Free Cash Flow (ttm)</ooCash>
    <totdebt>Total Debt/Equity (mrq)</totdebt>
    <currat>Book Value Per Share (mrq)</currat>
    <lever>N/A</lever>
  </statistcs>
  <financials>
    <fintick>HBI</fintick>
    <TotRev>Give feedback on the new search experience</TotRev>
    <costRev>5,324,746</costRev>
    <incBefTax>-299,107</incBefTax>
    <Netinc>Income Before Tax</Netinc>
  </financials>
  <profiles>
    <protick>HBI</protick>
    <name>Hanesbrands Inc.</name>
    <address>1000 East Hanes Mill RoadWinston-Salem, NC 27105United States336-519-8080http://www.hanes.com</address>
    <phno>http://www.hanes.com</phno>
    <website/>
    <sector/>
    <industry>http://www.hanes.com</industry>
    <fulltime>68,000</fulltime>
  </profiles>
</html>
