<?xml version="1.0" ?>
<html>
  <statistcs>
    <srno>7</srno>
    <stat_tik>SLDB</stat_tik>
    <marketcap>254.76M</marketcap>
    <Enterprisevalue>646.19M</Enterprisevalue>
    <TotCash>41.25B</TotCash>
    <grossPro>Gross Profit (ttm)</grossPro>
    <ooCash>-19M</ooCash>
    <totdebt>Total Debt/Equity (mrq)</totdebt>
    <currat>1.70</currat>
    <lever>-3.58M</lever>
  </statistcs>
  <financials>
    <fintick>SLDB</fintick>
    <TotRev/>
    <costRev>6,023,819</costRev>
    <incBefTax>-</incBefTax>
    <Netinc>-39,317</Netinc>
  </financials>
  <profiles>
    <protick>SLDB</protick>
    <name>Solid Biosciences Inc.</name>
    <address>141 Portland StreetFifth FloorCambridge, MA 02139United States617-337-4680http://www.solidbio.com</address>
    <phno>617-337-4680</phno>
    <website/>
    <sector/>
    <industry/>
    <fulltime>617-337-4680</fulltime>
  </profiles>
</html>
