<?xml version="1.0" ?>
<html>
  <statistcs>
    <srno>29</srno>
    <stat_tik>TTM</stat_tik>
    <marketcap>7.17B</marketcap>
    <Enterprisevalue>8.37B</Enterprisevalue>
    <TotCash>1.06B</TotCash>
    <grossPro>2.80%</grossPro>
    <ooCash>Levered Free Cash Flow (ttm)</ooCash>
    <totdebt>Total Debt/Equity (mrq)</totdebt>
    <currat>Book Value Per Share (mrq)</currat>
    <lever>-731.75k</lever>
  </statistcs>
  <financials>
    <fintick>TTM</fintick>
    <TotRev>3/31/2015</TotRev>
    <costRev>2,705,112,600</costRev>
    <incBefTax>-47,912,600</incBefTax>
    <Netinc>4,439,600</Netinc>
  </financials>
  <profiles>
    <protick>TTM</protick>
    <name>Tata Motors Limited</name>
    <address>Ahura Centre4th Floor 82 Mahakali Caves Road MIDC, Andheri EastMumbai 400093India91 22 6240 7101http://www.tatamotors.com</address>
    <phno>91 22 6240 7101</phno>
    <website/>
    <sector/>
    <industry/>
    <fulltime>91 22 6240 7101</fulltime>
  </profiles>
</html>
