<?xml version="1.0" ?>
<html>
  <statistcs>
    <srno>10</srno>
    <stat_tik>TATAMOTORS.NS</stat_tik>
    <marketcap>475.93B</marketcap>
    <Enterprisevalue>1.19T</Enterprisevalue>
    <TotCash>355.67B</TotCash>
    <grossPro>1.26T</grossPro>
    <ooCash>Levered Free Cash Flow (ttm)</ooCash>
    <totdebt>929.23B</totdebt>
    <currat>Book Value Per Share (mrq)</currat>
    <lever>N/A</lever>
  </statistcs>
  <financials>
    <fintick>TATAMOTORS.NS</fintick>
    <TotRev>Give feedback on the new search experience</TotRev>
    <costRev>2,648,928,600</costRev>
    <incBefTax>-52,231,600</incBefTax>
    <Netinc>4,333,400</Netinc>
  </financials>
  <profiles>
    <protick>TATAMOTORS.NS</protick>
    <name>Tata Motors Limited</name>
    <address>Ahura Centre4th Floor 82 Mahakali Caves Road MIDC, Andheri EastMumbai 400093India91 22 6240 7101http://www.tatamotors.com</address>
    <phno>91 22 6240 7101</phno>
    <website/>
    <sector/>
    <industry/>
    <fulltime>91 22 6240 7101</fulltime>
  </profiles>
</html>
