<?xml version="1.0" ?>
<html>
  <statistcs>
    <srno>24</srno>
    <stat_tik>BAC</stat_tik>
    <marketcap>273.06B</marketcap>
    <Enterprisevalue>99.18B</Enterprisevalue>
    <TotCash>23.04B</TotCash>
    <grossPro>EBITDA </grossPro>
    <ooCash>Levered Free Cash Flow (ttm)</ooCash>
    <totdebt>Total Debt/Equity (mrq)</totdebt>
    <currat>Book Value Per Share (mrq)</currat>
    <lever>N/A</lever>
  </statistcs>
  <financials>
    <fintick>BAC</fintick>
    <TotRev>Give feedback on the new search experience</TotRev>
    <costRev>79,804,000</costRev>
    <incBefTax>7,199,000</incBefTax>
    <Netinc>Extraordinary Items</Netinc>
  </financials>
  <profiles>
    <protick>BAC</protick>
    <name>Bank of America Corporation</name>
    <address>Bank of America Corporate Center100 North Tryon StreetCharlotte, NC 28255United States704-386-5681http://www.bankofamerica.com</address>
    <phno>704-386-5681</phno>
    <website/>
    <sector/>
    <industry/>
    <fulltime>704-386-5681</fulltime>
  </profiles>
</html>
