<?xml version="1.0" ?>
<html>
  <statistcs>
    <srno>5</srno>
    <stat_tik>MAT</stat_tik>
    <marketcap>4.27B</marketcap>
    <Enterprisevalue>7.23B</Enterprisevalue>
    <TotCash>Total Cash (mrq)</TotCash>
    <grossPro>EBITDA </grossPro>
    <ooCash>-19M</ooCash>
    <totdebt>N/A</totdebt>
    <currat>1.70</currat>
    <lever>-3.58M</lever>
  </statistcs>
  <financials>
    <fintick>MAT</fintick>
    <TotRev>Give feedback on the new search experience</TotRev>
    <costRev>6,023,819</costRev>
    <incBefTax>-221,123</incBefTax>
    <Netinc>409,742</Netinc>
  </financials>
  <profiles>
    <protick>MAT</protick>
    <name>Mattel, Inc.</name>
    <address>333 Continental BoulevardEl Segundo, CA 90245United States310-252-2000http://www.mattel.com</address>
    <phno>http://www.mattel.com</phno>
    <website/>
    <sector/>
    <industry>http://www.mattel.com</industry>
    <fulltime>28,000</fulltime>
  </profiles>
</html>
