<?xml version="1.0" ?>
<html>
  <statistcs>
    <srno>15</srno>
    <stat_tik>PRLB</stat_tik>
    <marketcap>2.75B</marketcap>
    <Enterprisevalue>3.4B</Enterprisevalue>
    <TotCash>355.67B</TotCash>
    <grossPro>EBITDA </grossPro>
    <ooCash>107.71M</ooCash>
    <totdebt>Total Debt/Equity (mrq)</totdebt>
    <currat>4.06</currat>
    <lever>N/A</lever>
  </statistcs>
  <financials>
    <fintick>PRLB</fintick>
    <TotRev>Give feedback on the new search experience</TotRev>
    <costRev>209,583</costRev>
    <incBefTax>3</incBefTax>
    <Netinc>64,221</Netinc>
  </financials>
  <profiles>
    <protick>PRLB</protick>
    <name>Proto Labs, Inc.</name>
    <address>5540 Pioneer Creek DriveMaple Plain, MN 55359United States763-479-3680http://www.protolabs.com</address>
    <phno>http://www.protolabs.com</phno>
    <website/>
    <sector/>
    <industry>http://www.protolabs.com</industry>
    <fulltime>2,266</fulltime>
  </profiles>
</html>
