<?xml version="1.0" ?>
<html>
  <statistcs>
    <srno>8</srno>
    <stat_tik>STI</stat_tik>
    <marketcap>28.92B</marketcap>
    <Enterprisevalue>39.77B</Enterprisevalue>
    <TotCash>41.25B</TotCash>
    <grossPro>Gross Profit (ttm)</grossPro>
    <ooCash>-19M</ooCash>
    <totdebt>Total Debt/Equity (mrq)</totdebt>
    <currat>1.70</currat>
    <lever>N/A</lever>
  </statistcs>
  <financials>
    <fintick>STI</fintick>
    <TotRev>Give feedback on the new search experience</TotRev>
    <costRev>7,867,000</costRev>
    <incBefTax>548,000</incBefTax>
    <Netinc>Discontinued Operations</Netinc>
  </financials>
  <profiles>
    <protick>STI</protick>
    <name>SunTrust Banks, Inc.</name>
    <address>303 Peachtree Street, N.E.Atlanta, GA 30308United States800-786-8787http://www.suntrust.com</address>
    <phno>http://www.suntrust.com</phno>
    <website/>
    <sector/>
    <industry>http://www.suntrust.com</industry>
    <fulltime>22,899</fulltime>
  </profiles>
</html>
