<?xml version="1.0" ?>
<html>
  <statistcs>
    <srno>16</srno>
    <stat_tik>^DJI</stat_tik>
    <marketcap>2.75B</marketcap>
    <Enterprisevalue>3.4B</Enterprisevalue>
    <TotCash>355.67B</TotCash>
    <grossPro>EBITDA </grossPro>
    <ooCash>107.71M</ooCash>
    <totdebt>Total Debt/Equity (mrq)</totdebt>
    <currat>4.06</currat>
    <lever>N/A</lever>
  </statistcs>
  <financials>
    <fintick>^DJI</fintick>
    <TotRev/>
    <costRev>209,583</costRev>
    <incBefTax/>
    <Netinc>64,221</Netinc>
  </financials>
  <profiles>
    <protick/>
    <name>^DJI</name>
    <address>366,113,278</address>
    <phno/>
    <website/>
    <sector/>
    <industry>2,266</industry>
    <fulltime>10 hours ago</fulltime>
  </profiles>
</html>
