<?xml version="1.0" ?>
<html>
  <statistcs>
    <srno>27</srno>
    <stat_tik>TPR</stat_tik>
    <marketcap>9.7B</marketcap>
    <Enterprisevalue>11.93B</Enterprisevalue>
    <TotCash>1.06B</TotCash>
    <grossPro>EBITDA </grossPro>
    <ooCash>Levered Free Cash Flow (ttm)</ooCash>
    <totdebt>Total Debt/Equity (mrq)</totdebt>
    <currat>Book Value Per Share (mrq)</currat>
    <lever>N/A</lever>
  </statistcs>
  <financials>
    <fintick>TPR</fintick>
    <TotRev>Give feedback on the new search experience</TotRev>
    <costRev>4,191,600</costRev>
    <incBefTax>909,100</incBefTax>
    <Netinc>759,000</Netinc>
  </financials>
  <profiles>
    <protick>TPR</protick>
    <name>Tapestry, Inc.</name>
    <address>10 Hudson YardsNew York, NY 10001United States212-594-1850http://www.coach.com</address>
    <phno>http://www.coach.com</phno>
    <website/>
    <sector/>
    <industry>http://www.coach.com</industry>
    <fulltime>13,000</fulltime>
  </profiles>
</html>
