<?xml version="1.0" ?>
<html>
  <statistcs>
    <srno>14</srno>
    <stat_tik>VVV</stat_tik>
    <marketcap>3.41B</marketcap>
    <Enterprisevalue>4.63B</Enterprisevalue>
    <TotCash>355.67B</TotCash>
    <grossPro>806M</grossPro>
    <ooCash>
      <Levered Free Cash Flow (ttm)/>
    </ooCash>
    <totdebt>929.23B</totdebt>
    <currat>Book Value Per Share (mrq)</currat>
    <lever>N/A</lever>
  </statistcs>
  <financials>
    <fintick>VVV</fintick>
    <TotRev>Give feedback on the new search experience</TotRev>
    <costRev>1,967,000</costRev>
    <incBefTax>-28,000</incBefTax>
    <Netinc>Income Before Tax</Netinc>
  </financials>
  <profiles>
    <protick>VVV</protick>
    <name>Valvoline Inc.</name>
    <address>100 Valvoline WayLexington, KY 40509United States859-357-7777http://www.valvoline.com</address>
    <phno>http://www.valvoline.com</phno>
    <website/>
    <sector/>
    <industry>http://www.valvoline.com</industry>
    <fulltime>6,700</fulltime>
  </profiles>
</html>
