<?xml version="1.0" ?>
<html>
  <statistcs>
    <srno>3</srno>
    <stat_tik>SKX</stat_tik>
    <marketcap>4.38B</marketcap>
    <Enterprisevalue>3.71B</Enterprisevalue>
    <TotCash>Total Cash (mrq)</TotCash>
    <grossPro>EBITDA </grossPro>
    <ooCash>Levered Free Cash Flow (ttm)</ooCash>
    <totdebt>N/A</totdebt>
    <currat>Book Value Per Share (mrq)</currat>
    <lever>-3.58M</lever>
  </statistcs>
  <financials>
    <fintick>SKX</fintick>
    <TotRev>Give feedback on the new search experience</TotRev>
    <costRev>2,386,668</costRev>
    <incBefTax>382,880</incBefTax>
    <Netinc>359,484</Netinc>
  </financials>
  <profiles>
    <protick>SKX</protick>
    <name>Skechers U.S.A., Inc.</name>
    <address>228 Manhattan Beach BoulevardManhattan Beach, CA 90266United States310-318-3100http://www.skechers.com</address>
    <phno>http://www.skechers.com</phno>
    <website/>
    <sector/>
    <industry>http://www.skechers.com</industry>
    <fulltime>4,500</fulltime>
  </profiles>
</html>
