<?xml version="1.0" ?>
<html>
  <statistcs>
    <srno>12</srno>
    <stat_tik>BBT</stat_tik>
    <marketcap>38.52B</marketcap>
    <Enterprisevalue>65.16B</Enterprisevalue>
    <TotCash>355.67B</TotCash>
    <grossPro>1.26T</grossPro>
    <ooCash>Levered Free Cash Flow (ttm)</ooCash>
    <totdebt>929.23B</totdebt>
    <currat>Book Value Per Share (mrq)</currat>
    <lever>N/A</lever>
  </statistcs>
  <financials>
    <fintick>BBT</fintick>
    <TotRev>Give feedback on the new search experience</TotRev>
    <costRev>9,183,000</costRev>
    <incBefTax>803,000</incBefTax>
    <Netinc>8 days ago</Netinc>
  </financials>
  <profiles>
    <protick>BBT</protick>
    <name>BB&amp;T Corporation</name>
    <address>200 West Second StreetWinston-Salem, NC 27101United States336-733-2000http://www.bbt.com</address>
    <phno>http://www.bbt.com</phno>
    <website/>
    <sector/>
    <industry>http://www.bbt.com</industry>
    <fulltime>35,852</fulltime>
  </profiles>
</html>
