<?xml version="1.0" ?>
<html>
  <statistcs>
    <srno>30</srno>
    <stat_tik>UGAZ</stat_tik>
    <marketcap>29.66</marketcap>
    <Enterprisevalue>Ask</Enterprisevalue>
    <TotCash>1.06B</TotCash>
    <grossPro>2.80%</grossPro>
    <ooCash>Levered Free Cash Flow (ttm)</ooCash>
    <totdebt>Total Debt/Equity (mrq)</totdebt>
    <currat>Book Value Per Share (mrq)</currat>
    <lever>-731.75k</lever>
  </statistcs>
  <financials>
    <fintick>UGAZ</fintick>
    <TotRev>Give feedback on the new search experience</TotRev>
    <costRev>2,705,112,600</costRev>
    <incBefTax/>
    <Netinc>last month</Netinc>
  </financials>
  <profiles>
    <protick/>
    <name>UGAZ</name>
    <address>8 days ago</address>
    <phno/>
    <website/>
    <sector/>
    <industry/>
    <fulltime>91 22 6240 7101</fulltime>
  </profiles>
</html>
