{
  "project_info": {
    "project_number": "786387903164",
    "firebase_url": "https://blooddonar-e3c71.firebaseio.com",
    "project_id": "blooddonar-e3c71",
    "storage_bucket": "blooddonar-e3c71.appspot.com"
  },
  "client": [
    {
      "client_info": {
        "mobilesdk_app_id": "1:786387903164:android:be6274b59df7afbc",
        "android_client_info": {
          "package_name": "com.example.hp.blooddonar"
        }
      },
      "oauth_client": [
        {
          "client_id": "786387903164-f8dpf40vds3nhn8eg6k73974svgcp1dg.apps.googleusercontent.com",
          "client_type": 1,
          "android_info": {
            "package_name": "com.example.hp.blooddonar",
            "certificate_hash": "4498354835cf5a3dc67a007472528db6269c33c1"
          }
        },
        {
          "client_id": "786387903164-l5kf2p3rpjfplmirfaqfac3lll980q82.apps.googleusercontent.com",
          "client_type": 3
        }
      ],
      "api_key": [
        {
          "current_key": "AIzaSyDB1R7TY6JiNBWJ0Jpwc9PHvt6UWede3SA"
        }
      ],
      "services": {
        "analytics_service": {
          "status": 1
        },
        "appinvite_service": {
          "status": 2,
          "other_platform_oauth_client": [
            {
              "client_id": "786387903164-l5kf2p3rpjfplmirfaqfac3lll980q82.apps.googleusercontent.com",
              "client_type": 3
            }
          ]
        },
        "ads_service": {
          "status": 2
        }
      }
    }
  ],
  "configuration_version": "1"
}