<?xml version="1.0" ?>
<html>
  <statistcs>
    <srno>23</srno>
    <stat_tik>PSX</stat_tik>
    <marketcap>42.3B</marketcap>
    <Enterprisevalue>56.43B</Enterprisevalue>
    <TotCash>23.04B</TotCash>
    <grossPro>EBITDA </grossPro>
    <ooCash>Levered Free Cash Flow (ttm)</ooCash>
    <totdebt>Total Debt/Equity (mrq)</totdebt>
    <currat>Book Value Per Share (mrq)</currat>
    <lever>Levered Free Cash Flow (ttm)</lever>
  </statistcs>
  <financials>
    <fintick>PSX</fintick>
    <TotRev>Give feedback on the new search experience</TotRev>
    <costRev>146,514,000</costRev>
    <incBefTax>2,339,000</incBefTax>
    <Netinc>Income Before Tax</Netinc>
  </financials>
  <profiles>
    <protick>PSX</protick>
    <name>Phillips 66</name>
    <address>2331 CityWest BoulevardHouston, TX 77042United States281-293-6600http://www.phillips66.com</address>
    <phno>http://www.phillips66.com</phno>
    <website/>
    <sector/>
    <industry>http://www.phillips66.com</industry>
    <fulltime>14,200</fulltime>
  </profiles>
</html>
